{"initial_reset_timestamp": 1569313468.2781944, "timestamps": [1569313472.5355053, 1569313476.6895573, 1569313480.8098044, 1569313484.9987295, 1569313489.0088747], "episode_lengths": [100, 100, 100, 100, 100], "episode_rewards": [-2385.2103675288313, -2396.9725411987456, -2365.3564320922987, -2353.3697547495926, -2375.330032452737], "episode_types": ["t", "t", "t", "t", "t"]}